<?xml version="1.0" encoding="UTF-8"?>
<!DOCTYPE mapper PUBLIC "-//mybatis.org//DTD Mapper 3.0//EN" "http://mybatis.org/dtd/mybatis-3-mapper.dtd">
<mapper namespace="com.site.blog.my.core.dao.BlogCategoryMapper">
    <resultMap id="BaseResultMap" type="com.site.blog.my.core.entity.BlogCategory">
        <id column="category_id" jdbcType="INTEGER" property="categoryId"/>
        <result column="category_name" jdbcType="VARCHAR" property="categoryName"/>
        <result column="category_icon" jdbcType="VARCHAR" property="categoryIcon"/>
        <result column="category_rank" jdbcType="INTEGER" property="categoryRank"/>
        <result column="is_deleted" jdbcType="TINYINT" property="isDeleted"/>
        <result column="create_time" jdbcType="TIMESTAMP" property="createTime"/>
    </resultMap>
    <sql id="Base_Column_List">
    category_id, category_name, category_icon, category_rank, is_deleted, create_time
  </sql>
    <select id="findCategoryList" parameterType="Map" resultMap="BaseResultMap">
        select
        <include refid="Base_Column_List"/>
        from tb_blog_category
        where is_deleted=0
        order by category_rank desc,create_time desc
        <if test="start!=null and limit!=null">
            limit #{start},#{limit}
        </if>
    </select>

    <select id="getTotalCategories" parameterType="Map" resultType="int">
    select count(*)  from tb_blog_category
    where is_deleted=0
    </select>

    <select id="selectByPrimaryKey" parameterType="java.lang.Integer" resultMap="BaseResultMap">
        select
        <include refid="Base_Column_List"/>
        from tb_blog_category
        where category_id = #{categoryId,jdbcType=INTEGER} AND is_deleted = 0
    </select>
    <select id="selectByCategoryIds" resultMap="BaseResultMap">
        select
        <include refid="Base_Column_List"/>
        from tb_blog_category
        where category_id IN
        <foreach collection="categoryIds" item="item" index="index"
                 open="(" separator="," close=")">#{item}
        </foreach>
        AND is_deleted = 0
    </select>

    <select id="selectByCategoryName" parameterType="java.lang.String" resultMap="BaseResultMap">
        select
        <include refid="Base_Column_List"/>
        from tb_blog_category
        where category_name = #{categoryName,jdbcType=VARCHAR} AND is_deleted = 0
    </select>
    <update id="deleteByPrimaryKey" parameterType="java.lang.Integer">
    UPDATE tb_blog_category SET  is_deleted = 1
    where category_id = #{categoryId,jdbcType=INTEGER} AND is_deleted = 0
    </update>
    <update id="deleteBatch">
        update tb_blog_category
        set is_deleted=1 where category_id in
        <foreach item="id" collection="array" open="(" separator="," close=")">
            #{id}
        </foreach>
    </update>
    <insert id="insert" parameterType="com.site.blog.my.core.entity.BlogCategory">
    insert into tb_blog_category (category_id, category_name, category_icon, 
      category_rank, is_deleted, create_time
      )
    values (#{categoryId,jdbcType=INTEGER}, #{categoryName,jdbcType=VARCHAR}, #{categoryIcon,jdbcType=VARCHAR}, 
      #{categoryRank,jdbcType=INTEGER}, #{isDeleted,jdbcType=TINYINT}, #{createTime,jdbcType=TIMESTAMP}
      )
  </insert>
    <insert id="insertSelective" parameterType="com.site.blog.my.core.entity.BlogCategory">
        insert into tb_blog_category
        <trim prefix="(" suffix=")" suffixOverrides=",">
            <if test="categoryId != null">
                category_id,
            </if>
            <if test="categoryName != null">
                category_name,
            </if>
            <if test="categoryIcon != null">
                category_icon,
            </if>
            <if test="categoryRank != null">
                category_rank,
            </if>
            <if test="isDeleted != null">
                is_deleted,
            </if>
            <if test="createTime != null">
                create_time,
            </if>
        </trim>
        <trim prefix="values (" suffix=")" suffixOverrides=",">
            <if test="categoryId != null">
                #{categoryId,jdbcType=INTEGER},
            </if>
            <if test="categoryName != null">
                #{categoryName,jdbcType=VARCHAR},
            </if>
            <if test="categoryIcon != null">
                #{categoryIcon,jdbcType=VARCHAR},
            </if>
            <if test="categoryRank != null">
                #{categoryRank,jdbcType=INTEGER},
            </if>
            <if test="isDeleted != null">
                #{isDeleted,jdbcType=TINYINT},
            </if>
            <if test="createTime != null">
                #{createTime,jdbcType=TIMESTAMP},
            </if>
        </trim>
    </insert>
    <update id="updateByPrimaryKeySelective" parameterType="com.site.blog.my.core.entity.BlogCategory">
        update tb_blog_category
        <set>
            <if test="categoryName != null">
                category_name = #{categoryName,jdbcType=VARCHAR},
            </if>
            <if test="categoryIcon != null">
                category_icon = #{categoryIcon,jdbcType=VARCHAR},
            </if>
            <if test="categoryRank != null">
                category_rank = #{categoryRank,jdbcType=INTEGER},
            </if>
            <if test="isDeleted != null">
                is_deleted = #{isDeleted,jdbcType=TINYINT},
            </if>
            <if test="createTime != null">
                create_time = #{createTime,jdbcType=TIMESTAMP},
            </if>
        </set>
        where category_id = #{categoryId,jdbcType=INTEGER}
    </update>
    <update id="updateByPrimaryKey" parameterType="com.site.blog.my.core.entity.BlogCategory">
    update tb_blog_category
    set category_name = #{categoryName,jdbcType=VARCHAR},
      category_icon = #{categoryIcon,jdbcType=VARCHAR},
      category_rank = #{categoryRank,jdbcType=INTEGER},
      is_deleted = #{isDeleted,jdbcType=TINYINT},
      create_time = #{createTime,jdbcType=TIMESTAMP}
    where category_id = #{categoryId,jdbcType=INTEGER}
    </update>
</mapper>